{
  "login": [
    {
      "id": 1,
      "name": "abhishekkand",
      "email": "abhishek@gmail.com"
    },
    {
      "id": 2,
      "name": "abhishekkandikonda",
      "email": "abhishekkandikonda@gmail.com"
    },
    {
      "id": 3,
      "name": "abhishekikonda",
      "email": "abhishekikonda@gmail.com"
    },
    {
      "name": "abhishekkk",
      "email": "abhiss@gmail.com",
      "id": 4
    },
    {
      "name": "abhishekkk",
      "email": "abhiss@gmail.com",
      "id": 5
    }
  ]
}